Deck:["Official/Alpha/Volcanic Island","Official/Alpha/Volcanic Island","Official/Alpha/Volcanic Island","Official/Alpha/Volcanic Island","Official/Alpha/Tropical Island","Official/Alpha/Tropical Island","Official/Alpha/Tundra","Official/Alpha/Tundra","Official/Alpha/Underground Sea","Official/Alpha/Underground Sea","Official/Alpha/Island","Official/Alpha/Island","Official/Alpha/Island","Official/Alpha/Island","Official/Alpha/Island","Official/Alpha/Island","Custom/EnemyBicycleLands/Tempest Coast","Custom/EnemyBicycleLands/Tempest Coast","Custom/EnemyBicycleLands/Tempest Coast","Custom/EnemyBicycleLands/Tempest Coast","Official/Arabian Nights/Dandân","Official/Arabian Nights/Dandân","Official/Arabian Nights/Dandân","Official/Arabian Nights/Dandân","Official/Arabian Nights/Dandân","Official/Arabian Nights/Dandân","Official/Arabian Nights/Dandân","Official/Arabian Nights/Dandân","Official/Arabian Nights/Dandân","Official/Arabian Nights/Dandân","Official/Ixalan/Chart a Course","Official/Ixalan/Chart a Course","Official/Alliances/Diminishing Returns","Official/Alliances/Diminishing Returns","Official/Alliances/Diminishing Returns","Official/Alliances/Diminishing Returns","Official/Worldwake/Halimar Depths","Official/Worldwake/Halimar Depths","Official/Worldwake/Halimar Depths","Official/Worldwake/Halimar Depths","Official/Guildpact/Izzet Boilerworks","Official/Guildpact/Izzet Boilerworks","Official/Onslaught/Lonely Sandbar","Official/Onslaught/Lonely Sandbar","Official/Onslaught/Lonely Sandbar","Official/Onslaught/Lonely Sandbar","Official/Alpha/Magical Hack","Official/Alpha/Magical Hack","Official/Alpha/Magical Hack","Official/Alpha/Magical Hack","Official/Homelands/Memory Lapse","Official/Homelands/Memory Lapse","Official/Homelands/Memory Lapse","Official/Homelands/Memory Lapse","Official/Homelands/Memory Lapse","Official/Homelands/Memory Lapse","Official/Homelands/Memory Lapse","Official/Homelands/Memory Lapse","Official/Scourge/Metamorphose","Official/Scourge/Metamorphose","Official/Scourge/Metamorphose","Official/Scourge/Metamorphose","Official/Dark Ascension/Mystic Retrieval","Official/Dark Ascension/Mystic Retrieval","Official/Dark Ascension/Mystic Retrieval","Official/Throne of Eldraine/Mystic Sanctuary","Official/Throne of Eldraine/Mystic Sanctuary","Official/Throne of Eldraine/Mystic Sanctuary","Official/Throne of Eldraine/Mystic Sanctuary","Official/War of the Spark/Narset's Reversal","Official/War of the Spark/Narset's Reversal","Official/War of the Spark/Narset's Reversal","Official/Odyssey/Predict","Official/Odyssey/Predict","Official/Odyssey/Predict","Official/Odyssey/Predict","Official/Murders at Karlov Manor/Thundering Falls","Official/Murders at Karlov Manor/Thundering Falls","Official/Murders at Karlov Manor/Thundering Falls","Official/Murders at Karlov Manor/Thundering Falls","Official/Invasion/Repulse","Official/Invasion/Repulse","Official/Fate Reforged/Supplant Form","Official/Fate Reforged/Supplant Form","Official/M21/Frantic Inventory","Official/M21/Frantic Inventory","Official/M21/Frantic Inventory","Official/M21/Frantic Inventory","Official/Mirage/Mystical Tutor","Official/Mirage/Mystical Tutor","Official/Visions/Vision Charm","Official/Visions/Vision Charm","Official/Visions/Vision Charm","Official/Visions/Vision Charm","Official/Eldritch Moon/Unsubstantiate","Official/Eldritch Moon/Unsubstantiate","Official/Ice Age/Brainstorm","Official/Ice Age/Brainstorm","Official/Ice Age/Brainstorm","Official/Ice Age/Brainstorm"]
